no,date,category,title,likes,comments,url
1,2026-09-16,필독,공부는 과학입니다.,2,0,https://blog.naver.com/hapkyukbridge/224413412068
2,2026-08-03,필독,내 자녀 내신 3-4등급(9등제)에 있는 부모님들께,3,0,https://blog.naver.com/hapkyukbridge/224366785407
3,2026-05-19,공부법,내 자녀가 좋은 성적을 받기를 바라십니까? 그렇다면,3,0,https://blog.naver.com/hapkyukbridge/224290713640
4,2026-04-28,필독,"단기간 주요과목(영어, 수학, 국어) 성적 향상 비법 공개",4,0,https://blog.naver.com/hapkyukbridge/224268453726
5,2026-03-25,필독,자녀에게 알맞은 공부 방법을 제시해 주어야 합니다!,5,0,https://blog.naver.com/hapkyukbridge/224229108422
6,2026-03-17,필독,영어 공부하는 법,8,0,https://blog.naver.com/hapkyukbridge/224220192109
7,2026-03-13,성장하는 학생들,글로 보여준 사고력의 수치(중2),5,0,https://blog.naver.com/hapkyukbridge/224215674766
8,2026-03-11,필독,이 글은 꼭 읽어보셔야 합니다!,6,0,https://blog.naver.com/hapkyukbridge/224212504130
9,2026-01-29,성장하는 학생들,사고력와 말하기의 비법은 글쓰기에 있습니다,4,0,https://blog.naver.com/hapkyukbridge/224164653300
10,2026-01-27,성장하는 학생들,글쓰기는 성적 향상과 직결됩니다.,3,0,https://blog.naver.com/hapkyukbridge/224161892325
11,2026-01-07,성장하는 학생들,참 놀랍습니다. 이렇게 빠르게 사고력과 글쓰기가 성장하다~^^,6,0,https://blog.naver.com/hapkyukbridge/224137411811
12,2026-01-01,성장하는 학생들,글쓰기는 생각과 함께 성장합니다!,4,0,https://blog.naver.com/hapkyukbridge/224130615561
13,2025-12-31,필독,"선택의 끝에서, 여러분의 시간을 믿습니다",5,0,https://blog.naver.com/hapkyukbridge/224128840513
14,2025-12-18,생기부 제대로 쓰는 법,"2025 입시의 끝자락에서 다시 돌아보는 생기부 전략: 줄어든 500자, 더 정교해져야 할 준비",3,0,https://blog.naver.com/hapkyukbridge/224114165352
15,2025-12-01,성장하는 학생들,글쓰기 힘이 곧 사고력의 시작입니다.,5,0,https://blog.naver.com/hapkyukbridge/224094808478
16,2025-12-01,성장하는 학생들,글쓰기 수준이 이렇게 변합니다.,3,0,https://blog.naver.com/hapkyukbridge/224094145843
17,2025-11-24,공부법,수동에서 능동으로’ 사고를 전환하는 진짜 자기주도학습법,2,0,https://blog.naver.com/hapkyukbridge/224086340224
18,2025-11-13,입시 소식 모음,"고교학점제 시대, 무엇이 달라졌고 어떻게 대비해야 할까?",4,0,https://blog.naver.com/hapkyukbridge/224074954746
19,2025-11-04,합격 전략 컨설팅,먼저 시작(생기부)한 학생이 먼저 도착(원하는 대학)한다.,3,0,https://blog.naver.com/hapkyukbridge/224064691836
20,2025-10-29,입시 소식 모음,"2025 고교학점제 세특, 이건 반드시 알고 준비하세요!",7,0,https://blog.naver.com/hapkyukbridge/224058182302
21,2025-10-27,합격사례,학종(면접)과 논술 합격생입니다. 개인정보는 비공개로 했습니다.,4,0,https://blog.naver.com/hapkyukbridge/224055868281
22,2025-10-23,공부법,"성적을 올리는 진짜 비밀, ‘공부 방법’에 있습니다.",7,0,https://blog.naver.com/hapkyukbridge/224051509790
23,2025-10-22,합격 전략 컨설팅,"변별력이 사라진 5등급제, 이제는 ‘생기부+논술’이 답입니다",6,0,https://blog.naver.com/hapkyukbridge/224050249180
24,2025-10-20,합격 전략 컨설팅,“전과목 1등급이 늘었다고요?” 변별력은 사라졌습니다. 그래서 지금은 생기부 전쟁의 시작입니다.,6,0,https://blog.naver.com/hapkyukbridge/224047548720
25,2025-10-17,합격 전략 컨설팅,"수시면접 D-3, D-5라도 역전 가능한 전략｜입시 전문가 지온샘의 현실 조언",7,0,https://blog.naver.com/hapkyukbridge/224044105853
26,2025-10-14,입시 소식 모음,"고교학점제 첫 해, 무엇을 선택할까? 고1 수강신청·전공탐색·생기부 관리 완벽 정리",8,0,https://blog.naver.com/hapkyukbridge/224041179378
27,2025-10-13,입시 소식 모음,"생기부 세특, 1000자에서 500자로",5,0,https://blog.naver.com/hapkyukbridge/224040189258
28,2025-10-10,합격 전략 컨설팅,수시면접 합격 비결,6,0,https://blog.naver.com/hapkyukbridge/224036544072
29,2025-10-08,합격 전략 컨설팅,"수시 6장, ‘계열별 필수과목’이 달라 헷갈릴 때: 2학년부터 생기부를 이렇게 잡으세요",4,0,https://blog.naver.com/hapkyukbridge/224035189447
30,2025-10-02,필독,“2025년 교육부 생기부 정책 변화｜세특 500자 축소”,7,0,https://blog.naver.com/hapkyukbridge/224029896722
31,2025-09-29,필독,"“고교학점제 시대, 생기부(학생부) 관리가 합격의 핵심",5,0,https://blog.naver.com/hapkyukbridge/224026251515
32,2025-09-25,필독,"생기부 세특, 500자로 줄어든 지금… 대학 합격은 보고서의 힘에서 갈립니다",6,0,https://blog.naver.com/hapkyukbridge/224021732273
33,2025-09-24,필독,[고3 수시면접 준비] 생기부 1:1 코칭으로 자신감을 되찾은 학생 이야기,5,2,https://blog.naver.com/hapkyukbridge/224019791374
34,2025-09-23,필독,"[면접, 가볍게 가되 준비는 무겁게] – 자녀의 대학 합격을 가르는 7단계 전략",5,2,https://blog.naver.com/hapkyukbridge/224018623712
35,2025-09-22,필독,"고1 수행평가, 글쓰기와 말하기 준비가 합격의 열쇠",5,0,https://blog.naver.com/hapkyukbridge/224017297598
36,2025-09-19,필독,"AI 의존이 만든 함정, 생기부 관리의 진짜 해답",5,0,https://blog.naver.com/hapkyukbridge/224013898409
37,2025-09-17,필독,"생기부 관리, 입시 성공의 핵심! 고1부터 시작해야 하는 이유와 방법",3,0,https://blog.naver.com/hapkyukbridge/224011573021
38,2025-09-16,필독,논술 준비 마지막 점검-저자의 주장에 집중하라,5,0,https://blog.naver.com/hapkyukbridge/224010334775
39,2025-09-15,필독,"인서울 대입 최신 흐름: 면접 반영 비율↑·정성평가 강화, 전공적합성이 당락을 가른다",6,0,https://blog.naver.com/hapkyukbridge/224008708447
40,2025-09-13,필독,"“2학기, 보고서와 내신 사이에서 부모님이 꼭 알아야 할 전략”",7,0,https://blog.naver.com/hapkyukbridge/224006286478
41,2025-09-12,합격 전략 컨설팅,"수시면접 준비, 지금 시작해야 합격률이 달라집니다",4,1,https://blog.naver.com/hapkyukbridge/224005139027
42,2025-09-10,합격 전략 컨설팅,수시면접모집 받습니다.,4,0,https://blog.naver.com/hapkyukbridge/224002991068
43,2025-09-10,합격 전략 컨설팅,"수시원서 전략, 성적이 낮아도 합격을 향한 길은 있다",6,0,https://blog.naver.com/hapkyukbridge/224002323636
44,2025-09-09,합격 전략 컨설팅,"입시 면접 준비 팁 7단계 — 지금부터 하지 않으면, 합격 문이 닫힙니다",6,0,https://blog.naver.com/hapkyukbridge/224000994025
45,2025-09-07,합격 전략 컨설팅,수시 6장 지원 전략: 상향·하향 선택 고민 해결과 합격률 높이는 방법,4,2,https://blog.naver.com/hapkyukbridge/223998550346
46,2025-09-05,합격 전략 컨설팅,"수시 6장 원서접수, 지금 부모님이 할 수 있는 가장 현명한 준비",3,0,https://blog.naver.com/hapkyukbridge/223997026130
47,2025-09-04,합격 전략 컨설팅,"“수시 6장, 생기부 관리가 합격을 결정한다 – 부모님이 꼭 알아야 할 정성평가의 비밀”",4,0,https://blog.naver.com/hapkyukbridge/223995758508
48,2025-09-03,합격 전략 컨설팅,"“면접 준비, 생기부 분석, 수시 합격 전략: 부모님이 꼭 알아야 할 진짜 비밀”",3,2,https://blog.naver.com/hapkyukbridge/223994061536
49,2025-09-01,합격 전략 컨설팅,논술 합격을 좌우하는 진짜 비밀: 따라 하기와 자기화의 힘,4,1,https://blog.naver.com/hapkyukbridge/223991607358
50,2025-08-30,합격 전략 컨설팅,수시 면접 준비 방법: 생기부 정리와 표현력 훈련이 합격의 열쇠,4,1,https://blog.naver.com/hapkyukbridge/223989257454
51,2025-08-28,필독,✦ 오늘의 다짐: 학생과 부모님을 행복하게 하는 선생이 되자.,7,0,https://blog.naver.com/hapkyukbridge/223987084578
52,2025-08-27,필독,"인서울 합격을 위한 생기부 컨설팅, 지금 시작해야 합니다",7,5,https://blog.naver.com/hapkyukbridge/223985769842
53,2025-08-26,필독,"생기부, 한 글자도 소홀히 할 수 없습니다",4,3,https://blog.naver.com/hapkyukbridge/223984231505
54,2025-08-25,필독,"내신·생기부 부족한 학생, 논술이 합격의 기회다",4,3,https://blog.naver.com/hapkyukbridge/223982433885
55,2025-08-24,필독,"고교학점제 192학점, 생기부 관리가 합격의 핵심입니다",4,3,https://blog.naver.com/hapkyukbridge/223981653568
56,2025-08-22,생기부 제대로 쓰는 법,고1·고2 생기부 관리 필수! 학종 수시 합격을 위한 핵심 키워드 총정리,6,3,https://blog.naver.com/hapkyukbridge/223979429773
57,2025-08-21,필독,[수시원서 접수 전 반드시 알아야 할 합격전략 – 반수까지 연결되는 대학입시의 진실],6,3,https://blog.naver.com/hapkyukbridge/223977898676
58,2025-08-19,입시 소식 모음,"서울대 2028 수시·정시 변화, 고1 학생과 부모님이 꼭 알아야 할 생기부 관리 전략",6,3,https://blog.naver.com/hapkyukbridge/223976313227
59,2025-08-18,합격 전략 컨설팅,"생기부 관리, 수행평가, 심화 보고서가 수시 합격을 만든다",4,3,https://blog.naver.com/hapkyukbridge/223974915115
60,2025-08-17,필독,"수시교과·학종·논술 지원 후, 합격 전략은 지금부터 시작된다",7,2,https://blog.naver.com/hapkyukbridge/223973682294
61,2025-08-15,필독,"수시 6장, 어떻게 써야 후회가 없을까? 지온샘이 알려주는 안전한 전략",8,2,https://blog.naver.com/hapkyukbridge/223971877823
62,2025-08-14,수시로 대학 가는 전략,"학종 면접, 이렇게 준비하면 합격이 보입니다 – 10년 노하우로 알려드립니다",6,1,https://blog.naver.com/hapkyukbridge/223970869948
63,2025-08-13,필독,"수시원서 접수 전 필독! 수시모집·학생부종합전형 합격전략, 대학입시 컨설팅으로 준비하자",9,3,https://blog.naver.com/hapkyukbridge/223969762842
64,2025-08-12,수시로 대학 가는 전략,"고3 논술전형, 3개월 준비로 합격 가능할까? 부모님이 꼭 알아야 할 전략",6,1,https://blog.naver.com/hapkyukbridge/223968539349
65,2025-08-11,궁금할 땐 바로 문의하세요,"고2 자녀, 현실 외면하고 가상세계에만 사는 이유와 부모의 대처법",7,2,https://blog.naver.com/hapkyukbridge/223966885039
66,2025-08-10,"의대, 약대 진학 로드맵",고3생기부컨설팅 – 의대·약대 목표에서 방향 전환이 필요할 때,7,1,https://blog.naver.com/hapkyukbridge/223965335479
67,2025-08-07,교과서 기반 탐구 주제 예시,중력을 활용한 바이러스 탐지 및 제어 가능성에 대한 탐색적 고찰,7,1,https://blog.naver.com/hapkyukbridge/223962929739
68,2025-08-06,생기부 제대로 쓰는 법,"GPT로 쓴 보고서, 생기부에 그대로 써도 될까?",8,4,https://blog.naver.com/hapkyukbridge/223960666499
69,2025-08-04,궁금할 땐 바로 문의하세요,중위권에서 상위권으로! 성적을 뒤집는 진짜 공부 방법은 따로 있다!,6,0,https://blog.naver.com/hapkyukbridge/223958784976
70,2025-08-03,수시로 대학 가는 전략,"《면접은 이미 시작됐습니다》— 수시 6장 이후, 최종합격을 결정짓는 골든타임 전략",5,0,https://blog.naver.com/hapkyukbridge/223957647227
71,2025-08-03,수시로 대학 가는 전략,"수시 6장의 전략, 생기부가 답입니다: 불안보다 확신으로 가는 입시 준비법",3,0,https://blog.naver.com/hapkyukbridge/223957013182
72,2025-08-01,입시 소식 모음,"2026 대입 흐름, 이렇게 달라집니다",4,0,https://blog.naver.com/hapkyukbridge/223955705421
73,2025-07-31,학과별 생기부 실전 예시집,"처방은 브랜드명인가, 성분명인가? – 분업 논쟁 20년의 흐름과 AI 시대의 약학적 성찰",5,0,https://blog.naver.com/hapkyukbridge/223954258425
74,2025-07-30,궁금할 땐 바로 문의하세요,"진로희망은 약학인데, 성적이 낮아요.                      내 아이 생기부, 전공 바꿔도 괜찮을까요?",7,0,https://blog.naver.com/hapkyukbridge/223952410242
75,2025-07-29,교과서 기반 탐구 주제 예시,확통심화 예시,5,1,https://blog.naver.com/hapkyukbridge/223950932271
76,2025-07-28,궁금할 땐 바로 문의하세요,"고3 생기부, 이대로 괜찮을까요? 컨설팅이 실망스러웠던 진짜 이유",5,2,https://blog.naver.com/hapkyukbridge/223950263647
77,2025-07-28,생기부 제대로 쓰는 법,성적만으로론 부족합니다! 대학이 진짜로 평가하는 '생기부의 핵심',7,4,https://blog.naver.com/hapkyukbridge/223949821309
78,2025-07-28,생기부 제대로 쓰는 법,생기부 평과과정 및 합격자 선정(서울대학교),6,2,https://blog.naver.com/hapkyukbridge/223949796070
79,2025-07-24,합격 전략 컨설팅,[공유] QR,6,2,https://blog.naver.com/hapkyukbridge/223945619643
80,2025-07-24,"부담 없이, 무료 상담",사전신청서,3,0,https://blog.naver.com/hapkyukbridge/223945606675
81,2025-07-24,필독,“수시를 준비하는 부모님이라면 반드시 알아야 할 생기부의 진실”,8,3,https://blog.naver.com/hapkyukbridge/223945533162
